*,*,Doe,*Doe*,*Doe,Doe*,,"id, name",%Doe%,%Doe%,%Doe,Doe%
*,id,Doe,*Doe*,*Doe,Doe*,,id,%Doe%,%Doe%,%Doe,Doe%
*,name,Doe,*Doe*,*Doe,Doe*,,name,%Doe%,%Doe%,%Doe,Doe%
*,"id, name",Doe,*Doe*,*Doe,Doe*,,"id, name",%Doe%,%Doe%,%Doe,Doe%
,,,,,,,,,,,
id,*,Doe,*Doe*,*Doe,Doe*,,id,%Doe%,%Doe%,%Doe,Doe%
id,id,Doe,*Doe*,*Doe,Doe*,,id,%Doe%,%Doe%,%Doe,Doe%
id,name,Doe,*Doe*,*Doe,Doe*,,3,%Doe%,%Doe%,%Doe,Doe%
id,"id, name",Doe,*Doe*,*Doe,Doe*,,id,%Doe%,%Doe%,%Doe,Doe%
,,,,,,,,,,,
name,*,Doe,*Doe*,*Doe,Doe*,,name,%Doe%,%Doe%,%Doe,Doe%
name,id,Doe,*Doe*,*Doe,Doe*,,3,%Doe%,%Doe%,%Doe,Doe%
name,name,Doe,*Doe*,*Doe,Doe*,,name,%Doe%,%Doe%,%Doe,Doe%
name,"id, name",Doe,*Doe*,*Doe,Doe*,,name,%Doe%,%Doe%,%Doe,Doe%
,,,,,,,,,,,
"id, name",*,Doe,*Doe*,*Doe,Doe*,,"id, name",%Doe%,%Doe%,%Doe,Doe%
"id, name",id,Doe,*Doe*,*Doe,Doe*,,id,%Doe%,%Doe%,%Doe,Doe%
"id, name",name,Doe,*Doe*,*Doe,Doe*,,name,%Doe%,%Doe%,%Doe,Doe%
"id, name","id, name",Doe,*Doe*,*Doe,Doe*,,"id, name",%Doe%,%Doe%,%Doe,Doe%
